{
  "last_maintenance": "2025-08-07T03:05:22.807213",
  "status": "healthy",
  "uptime": 3.16,
  "disk_usage": {
    "total": 130700505088,
    "used": 36254224384,
    "free": 94446280704,
    "percent": 27.73839654222469
  },
  "memory_usage": {
    "total": 33683222528,
    "available": 33111347200,
    "used": 189251584,
    "percent": 1.7
  },
  "cpu_usage": 18.6
}