{
  "last_maintenance": "2025-08-07T15:31:44.171741",
  "status": "healthy",
  "uptime": 1841.98,
  "disk_usage": {
    "total": 130700505088,
    "used": 45148446720,
    "free": 85552058368,
    "percent": 34.54343706598668
  },
  "memory_usage": {
    "total": 33683222528,
    "available": 30823886848,
    "used": 2118586368,
    "percent": 8.5
  },
  "cpu_usage": 15.4
}