{
  "by_atr_regime": [
    {
      "average_exit_capture_bps": -16.710047545243516,
      "average_mae_bps": -53.62953193219034,
      "average_mfe_bps": 85.7404225604347,
      "average_mfe_to_cost_ratio": 1.714808451208694,
      "average_net_pnl_eur": -0.48725086588034233,
      "cost_dominated_trade_count": 82,
      "gross_pnl_eur": -24.0841246867693,
      "key": "medium_15_50",
      "mfe_above_cost_lost_trade_count": 29,
      "net_pnl_eur": -70.1641246867693,
      "trade_count": 144,
      "win_count": 33,
      "win_rate_pct": 22.916666666666664
    },
    {
      "average_exit_capture_bps": -23.29455410683035,
      "average_mae_bps": -29.37688906086176,
      "average_mfe_bps": 28.025201524135866,
      "average_mfe_to_cost_ratio": 0.5605040304827172,
      "average_net_pnl_eur": -0.553155192055265,
      "cost_dominated_trade_count": 56,
      "gross_pnl_eur": -17.020329020034342,
      "key": "weak_lt_15",
      "mfe_above_cost_lost_trade_count": 13,
      "net_pnl_eur": -40.380329020034345,
      "trade_count": 73,
      "win_count": 4,
      "win_rate_pct": 5.47945205479452
    },
    {
      "average_exit_capture_bps": -99.38830057764176,
      "average_mae_bps": -102.96201905555174,
      "average_mfe_bps": 72.76897912522608,
      "average_mfe_to_cost_ratio": 1.4553795825045217,
      "average_net_pnl_eur": -1.3147775004816162,
      "cost_dominated_trade_count": 2,
      "gross_pnl_eur": -3.9791100019264656,
      "key": "strong_gte_50",
      "mfe_above_cost_lost_trade_count": 1,
      "net_pnl_eur": -5.259110001926465,
      "trade_count": 4,
      "win_count": 1,
      "win_rate_pct": 25.0
    }
  ],
  "by_breakout_strength": [
    {
      "average_exit_capture_bps": -17.76321972921358,
      "average_mae_bps": -43.11226613591208,
      "average_mfe_bps": 57.9938628014841,
      "average_mfe_to_cost_ratio": 1.159877256029682,
      "average_net_pnl_eur": -0.4977920662696988,
      "cost_dominated_trade_count": 101,
      "gross_pnl_eur": -25.957641675376014,
      "key": "weak_lt_40",
      "mfe_above_cost_lost_trade_count": 22,
      "net_pnl_eur": -72.67764167537602,
      "trade_count": 146,
      "win_count": 23,
      "win_rate_pct": 15.753424657534246
    },
    {
      "average_exit_capture_bps": -15.755067758885355,
      "average_mae_bps": -46.14188874097999,
      "average_mfe_bps": 86.88815832258739,
      "average_mfe_to_cost_ratio": 1.7377631664517479,
      "average_net_pnl_eur": -0.4776924731986835,
      "cost_dominated_trade_count": 33,
      "gross_pnl_eur": -10.565395704311795,
      "key": "medium_40_80",
      "mfe_above_cost_lost_trade_count": 20,
      "net_pnl_eur": -32.005395704311795,
      "trade_count": 67,
      "win_count": 14,
      "win_rate_pct": 20.8955223880597
    },
    {
      "average_exit_capture_bps": -106.91035978921843,
      "average_mae_bps": -111.63952180146269,
      "average_mfe_bps": 49.365737479423316,
      "average_mfe_to_cost_ratio": 0.9873147495884662,
      "average_net_pnl_eur": -1.3900657911302872,
      "cost_dominated_trade_count": 6,
      "gross_pnl_eur": -8.560526329042297,
      "key": "strong_gte_80",
      "mfe_above_cost_lost_trade_count": 1,
      "net_pnl_eur": -11.120526329042297,
      "trade_count": 8,
      "win_count": 1,
      "win_rate_pct": 12.5
    }
  ],
  "by_momentum_strength": [
    {
      "average_exit_capture_bps": -16.09068628563691,
      "average_mae_bps": -37.575202724468234,
      "average_mfe_bps": 54.65294277931722,
      "average_mfe_to_cost_ratio": 1.0930588555863445,
      "average_net_pnl_eur": -0.4810516790329398,
      "cost_dominated_trade_count": 77,
      "gross_pnl_eur": -18.359891409755136,
      "key": "medium_40_100",
      "mfe_above_cost_lost_trade_count": 20,
      "net_pnl_eur": -54.83989140975514,
      "trade_count": 114,
      "win_count": 17,
      "win_rate_pct": 14.912280701754385
    },
    {
      "average_exit_capture_bps": -24.91695182979184,
      "average_mae_bps": -57.48132430523739,
      "average_mfe_bps": 83.10653634135305,
      "average_mfe_to_cost_ratio": 1.662130726827061,
      "average_net_pnl_eur": -0.5693937708643866,
      "cost_dominated_trade_count": 56,
      "gross_pnl_eur": -23.692408232116723,
      "key": "strong_gte_100",
      "mfe_above_cost_lost_trade_count": 21,
      "net_pnl_eur": -54.092408232116725,
      "trade_count": 95,
      "win_count": 18,
      "win_rate_pct": 18.947368421052634
    },
    {
      "average_exit_capture_bps": -25.23781985261806,
      "average_mae_bps": -44.55955469279957,
      "average_mfe_bps": 46.498337266226315,
      "average_mfe_to_cost_ratio": 0.9299667453245264,
      "average_net_pnl_eur": -0.5726053389048541,
      "cost_dominated_trade_count": 7,
      "gross_pnl_eur": -3.031264066858249,
      "key": "weak_lt_40",
      "mfe_above_cost_lost_trade_count": 2,
      "net_pnl_eur": -6.87126406685825,
      "trade_count": 12,
      "win_count": 3,
      "win_rate_pct": 25.0
    }
  ],
  "by_regime": [
    {
      "average_exit_capture_bps": -20.38145926979298,
      "average_mae_bps": -46.51137364660871,
      "average_mfe_bps": 66.44134152246795,
      "average_mfe_to_cost_ratio": 1.3288268304493593,
      "average_net_pnl_eur": -0.523998025831358,
      "cost_dominated_trade_count": 140,
      "gross_pnl_eur": -45.083563708730104,
      "key": "unknown",
      "mfe_above_cost_lost_trade_count": 43,
      "net_pnl_eur": -115.80356370873011,
      "trade_count": 221,
      "win_count": 38,
      "win_rate_pct": 17.194570135746606
    }
  ],
  "cost_dominated_trade_count": 140,
  "gross_pnl_eur": -45.083563708730104,
  "json_report_path": null,
  "markdown_report_path": null,
  "mfe_above_cost_lost_trade_count": 43,
  "net_pnl_eur": -115.80356370873011,
  "run_id": "vps_2026_06_02_trend_setup_quality",
  "strategy_id": "trend_momentum",
  "symbol": "multi_symbol",
  "trade_count": 221
}